name,phone_number,email
Faraheira Elfin binti Syed Aqeel Nasiman,0195030831,fvtaxidolor@yahoo.com
Quah Choon Neu,0195030831,Elavarasan-vel@yahoo.com
Rasammah Navarednam a/l Arasu,0192314470,quo.fvdrive@gmail.com
Kasthuriraani Kundargal,01120640605,perferendisSoti@hotmail.com
Nur Syahada binti Abd,0138770627,Au-Yong_veniam@gmail.com
Nik Alif Norhisham,0134527298,aspernaturearum@yahoo.com
Norelliana binti Shahrizal Fadhilah,0125384353,fvdriveincidunt@yahoo.com
Shan Jayaram a/l Kavi Purushothaman,0134353322,rerum-quia@hotmail.com
Tatparanandam Navaratnam a/l Rajannaidu,0108021476,fvdrivedebitis@hotmail.com
Violet Chuah Liek Shee,0147376472,idqui@hotmail.com
Rueben Munusamy a/l Selvaraju Samarasan,0198135289,iusto_fvdrive@yahoo.com
Sybil a/l Param Moorthy,0109480561,lieupeng46-fvdrive@gmail.com
C.  Veeran,0109949575,qui.similique@hotmail.com
Chai Ying Khor,0104011038,fvdrivelaudantium@hotmail.com
Mohamed Hj Iraman Zawi,0124421080,omnis_vel@yahoo.com
Kavita Navarednam a/l Param Manicka,0124934924,asperiores_dicta@yahoo.com
E.  Munshi,0138835898,est.asperiores@hotmail.com
Saraswati a/l Karamjit Narayan,0180067640,zambri.zulqurnaininin@hotmail.com
Mohd Syed Amsyar Murad bin Alin Adip,0169588017,aqui@hotmail.com
Abdah Putra binti Che Syazani,0188963285,Yongea@gmail.com
Thripura Sinnathamby a/l Thirumurugan Kunalan,0123805752,repudiandae-fvdrive@yahoo.com
Lai Koi Liong,0197988308,autem-sunt@hotmail.com
Vishnu Sivanesan,0193823174,lkam_Ambumamee@hotmail.com
Shan a/l Balasubramaniam,0165509157,fvdrive.debitis@hotmail.com
Nur Hjh Nursarah Wasil binti Wahid,0187385230,Vijandren-fvtaxi@hotmail.com
Thripura a/l Santokh,0174093998,quibusdam_fvdrive@gmail.com
Kishor a/l Marimuthu Jayaram,0100116320,eum-gkunalan@hotmail.com
Muhammad Nik Sadili Nazrin bin Che Khairol Ros,0109905748,Nor.fvdrive@hotmail.com
Nuur Nurilyani Abidin,0196967954,tempore_fvtaxi@hotmail.com
Mohd Haji Syed Nadzeri Zamani bin Nasri Zahin,0147168657,tempore-Phyllis@hotmail.com
Pragash a/l Veenod,0147168657,aut.ut@hotmail.com
Hj Hafizan bin Muneer,0161118308,est_fvtaxi@yahoo.com
Hui Fern Mat,0161118308,Yuen.est@yahoo.com
Nur Najwa Nordin binti Nik Shohaimi,0168717091,similique.fvdrive@yahoo.com
S. Sannatasah,0185282242,nesciunt-saniru.sannatasah@yahoo.com
Noor Adilla Mamhuri binti Mahatdir,01117267059,QuahNursarwindah@gmail.com
Fadzliana Danish binti Akmal Dahlan,0134292656,harumanimi@gmail.com
Chang Fung Khan,0132303187,pariatur.kaveri.fernmat@hotmail.com
Jagdeep Velappan a/l Saravanan,0197968671,Sooryapparad_Tanasekharan@hotmail.com
Swarna Thuraisingham a/l Palanivel Ganesan,0190589359,deleniti_Leung@gmail.com
Anand Fernandez a/l Satwant Arujunan,0105938934,fvdrive.Mah@hotmail.com
Muhamad Haji Zahid Zamre bin Rifqie,01122690775,Basirinmolestiae@yahoo.com
Gheetha Samarasan a/l Ganga Sivalingam,0174578116,nesciunt.quibusdam@yahoo.com
Loh Kim Dai,0108790691,yunalis.veerasenanfvdrive@yahoo.com
Muhammet Wan Hakim Hazizan bin Daniel,0170949088,erajakumarBamadhaj@hotmail.com
Gary Mah Gan Soong,0108630518,sequi_tbaha@hotmail.com
Muhammet Haji Sabana Salehudin,0105452844,noraffendi.asha_consequatur@hotmail.com
Sum Choon New,0189173577,rganesan.iure@yahoo.com
Nur Hjh Arwina binti Hasrin,0123389088,Wardi.sit@yahoo.com
Krishen a/l Janil Marimuthu,0169231181,eos.fvdrive@yahoo.com
